"time","fdt.y"
0,0
0.0625,0
0.125,0
0.1875,0
0.25,0
0.3125,0
0.375,0
0.4375,0
0.5,0
0.5625,0
0.625,0
0.6875,0
0.75,0
0.8125,0
0.875,0
0.9375,0
1,0
1.0625,0
1.125,0
1.1875,0
1.25,0
1.3125,0
1.375,0
1.4375,0
1.5,0
1.5625,0
1.625,0
1.6875,0
1.75,0
1.8125,0
1.875,0
1.9375,0
2,0
2.0625,0
2.125,0
2.1875,0
2.25,0
2.3125,0
2.375,0
2.4375,0
2.5,0
2.5625,0
2.625,0
2.6875,0
2.75,0
2.8125,0
2.875,0
2.9375,0
3,0
3.0625,0
3.125,0
3.1875,0
3.25,0
3.3125,0
3.375,0
3.4375,0
3.5,0
3.5625,0
3.625,0
3.6875,0
3.75,0
3.8125,0
3.875,0
3.9375,0
4,0
4.0625,0
4.125,0
4.1875,0
4.25,0
4.3125,0
4.375,0
4.4375,0
4.5,0
4.5625,0
4.625,0
4.6875,0
4.75,0
4.8125,0
4.875,0
4.9375,0
5,0
5.0625,0
5.125,0
5.1875,0
5.25,0
5.3125,0
5.375,0
5.4375,0
5.5,0
5.5625,0
5.625,0
5.6875,0
5.75,0
5.8125,0
5.875,0
5.9375,0
6,0
6.0625,0
6.125,0
6.1875,0
6.25,0
6.3125,0
6.375,0
6.4375,0
6.5,0
6.5625,0
6.625,0
6.6875,0
6.75,0
6.8125,0
6.875,0
6.9375,0
7,0
7.0625,0
7.125,0
7.1875,0
7.25,0
7.3125,0
7.375,0
7.4375,0
7.5,0
7.5625,0
7.625,0
7.6875,0
7.75,0
7.8125,0
7.875,0
7.9375,0
8,0
8.0625,0
8.125,0
8.1875,0
8.25,0
8.3125,0
8.375,0
8.4375,0
8.5,0
8.5625,0
8.625,0
8.6875,0
8.75,0
8.8125,0
8.875,0
8.9375,0
9,0
9.0625,0
9.125,0
9.1875,0
9.25,0
9.3125,0
9.375,0
9.4375,0
9.5,0
9.5625,0
9.625,0
9.6875,0
9.75,0
9.8125,0
9.875,0
9.9375,0
10,0
10.0000000020001,0
10.0000000020001,0
10.0625,0.10821272809753434
10.125,0.21384473433293893
10.1875,0.3169101011541878
10.25,0.4174705855883817
10.3125,0.5155870520568079
10.375,0.6113188010580354
10.4375,0.7047238119477653
10.5,0.7958587062132295
10.5625,0.8847786821787241
10.625,0.9715376302187891
10.6875,1.0561881233095904
10.75,1.1387813613947753
10.8125,1.2193672436837582
10.875,1.29799462780342
10.9375,1.3747110479243423
11,1.449562952940219
11.0625,1.5225956644591647
11.125,1.5938533812584739
11.1875,1.6633792749523553
11.25,1.7312154023558344
11.3125,1.7974028581527906
11.375,1.8619816942578509
11.4375,1.9249909940056495
11.5,1.9864689213233349
11.5625,2.046452691706904
11.625,2.1049786329241003
11.6875,2.162082160960963
11.75,2.217797828722454
11.8125,2.2721593849526722
11.875,2.3251997461121814
11.9375,2.3769509994355755
12,2.4274444982781747
12.0625,2.476710831054109
12.125,2.5247797895347666
12.1875,2.5716804794216763
12.25,2.6174413158615706
12.3125,2.6620900020304927
12.375,2.7056535356480773
12.4375,2.748158314163981
12.5,2.7896300822613145
12.5625,2.8300939085078487
12.625,2.8695743080357308
12.6875,2.908095192090963
12.75,2.9456798715293036
12.8125,2.982351084855945
12.875,3.01813105153856
12.9375,3.0530414416792624
13,3.087103354893158
13.0625,3.1203374343719683
13.125,3.15276381085189
13.1875,3.18440209697187
13.25,3.215271443741529
13.3125,3.245390553820114
13.375,3.2747776630820624
13.4375,3.303450539100947
13.5,3.331426557012445
13.5625,3.3587226622835997
13.625,3.3853553566430863
13.6875,3.4113407722413935
13.75,3.4366946490536803
13.8125,3.4614323322032217
13.875,3.485568784668216
13.9375,3.5091186317288003
14,3.532096137414165
14.0625,3.5545151884660244
14.125,3.576389371328818
14.1875,3.5977319349732806
14.25,3.6185557909667496
14.3125,3.638873541303022
14.375,3.6586974961679264
14.4375,3.6780396595175473
14.5,3.696911724354672
14.5625,3.7153251270285073
14.625,3.733291020767553
14.6875,3.750820268829285
14.75,3.7679234863881303
14.8125,3.784611034176722
14.875,3.800893013582549
14.9375,3.816779271277831
15,3.8322794337455353
15.0625,3.847402890091887
15.125,3.862158779778329
15.1875,3.8765560450754233
15.25,3.8906034059851535
15.3125,3.9043093622430405
15.375,3.9176822065632093
15.4375,3.930730041655028
15.5,3.9434607691906693
15.5625,3.955882084488755
15.625,3.968001514900794
15.6875,3.9798264011945856
15.75,3.991363894836208
15.8125,4.002620980771926
15.875,4.013604478763912
15.9375,4.024321038287294
16,4.034777139285319
16.0625,4.044979117931993
16.125,4.054933153999079
16.1875,4.064645263948425
16.25,4.074121332036321
16.3125,4.083367097958787
16.375,4.092388157031628
16.4375,4.101189966348992
16.5,4.109777859200957
16.5625,4.118157036863419
16.625,4.126332563788322
16.6875,4.134309394409144
16.75,4.1420923602116435
16.8125,4.149686169094
16.875,4.157095417331447
16.9375,4.164324593860067
17,4.171378075807339
17.0625,4.178260127599253
17.125,4.184974919695178
17.1875,4.191526519429549
17.25,4.197918887667829
17.3125,4.20415589618158
17.375,4.210241323049349
17.4375,4.216178849575257
17.5,4.221972062475463
17.5625,4.227624470093212
17.625,4.23313949222151
17.6875,4.238520465860272
17.75,4.243770647567686
17.8125,4.248893215811599
17.875,4.2538912721791675
17.9375,4.258767845372297
18,4.263525893579744
18.0625,4.268168305761539
18.125,4.2726979044189495
18.1875,4.277117447935589
18.25,4.281429572227089
18.3125,4.285636847842862
18.375,4.289741865559657
18.4375,4.293747113501083
18.5,4.297655020997728
18.5625,4.301467960457784
18.625,4.305188232024982
18.6875,4.308818062813504
18.75,4.3123596756183185
18.8125,4.315815220138958
18.875,4.319186796260679
18.9375,4.322476455768911
19,4.325686185742206
19.0625,4.328817861413126
19.125,4.331873426568116
19.1875,4.334854733570174
19.25,4.337763591333718
19.3125,4.340601766771227
19.375,4.343370982546322
19.4375,4.346072863070533
19.5,4.348709077788878
19.5625,4.3512812252172886
19.625,4.353790866643753
19.6875,4.356239527403717
19.75,4.358628698155463
19.8125,4.360959771657821
19.875,4.363234186980215
19.9375,4.365453326616014
20,4.367618537432304
20.00000000400002,4.36761853756918
20.00000000400002,4.36761853756918
20.0625,4.4779439213669585
20.125,4.585637241085414
20.1875,4.690713823601572
20.25,4.793236644114288
20.3125,4.893267719236238
20.375,4.990867521617582
20.4375,5.0860950166926004
20.5,5.179008123977824
20.5625,5.269663014021408
20.625,5.358114633070087
20.6875,5.444416546233419
20.75,5.52862104741733
20.8125,5.610779177733743
20.875,5.69094085101682
20.9375,5.769154478991279
21,5.8454673198799725
21.0625,5.919925494600663
21.125,5.992573780696699
21.1875,6.063456329837598
21.25,6.1326158110212985
21.3125,6.200094375763526
21.375,6.265932877261136
21.4375,6.330171329818294
21.5,6.392848723763768
21.5625,6.454003008884215
21.625,6.513671156021297
21.6875,6.571889234409158
21.75,6.6286923317053015
21.8125,6.684114788114857
21.875,6.738190113848941
21.9375,6.79095103031781
22,6.842429604736868
22.0625,6.8926570411608905
22.125,6.941663905430536
22.1875,6.989479891896564
22.25,7.036133896002895
22.3125,7.081654118899589
22.375,7.126068030424832
22.4375,7.169402383609863
22.5,7.211683464673363
22.5625,7.252936747799496
22.625,7.293187378400182
22.6875,7.332459706169252
22.75,7.370777630227097
22.8125,7.408164394109435
22.875,7.444642628034064
22.9375,7.480234367152736
23,7.514961006451822
23.0625,7.548843639294072
23.125,7.5819022238251
23.1875,7.614157224516399
23.25,7.6456283864079095
23.3125,7.676334590391642
23.375,7.70629442975486
23.4375,7.735526264388546
23.5,7.764047707019177
23.5625,7.7918761627897455
23.625,7.819028630122387
23.6875,7.845521364094972
23.75,7.871370328114889
23.8125,7.896591061071206
23.875,7.921198860789192
23.9375,7.945208533243096
24,7.968634611702037
24.0625,7.9914913718901515
24.125,8.013792576761428
24.1875,8.035551749347793
24.25,8.056782160500518
24.3125,8.077496609145289
24.375,8.097707598893992
24.4375,8.117427368953768
24.5,8.136667869774927
24.5625,8.155440747807184
24.625,8.173757372671519
24.6875,8.19162882724719
24.75,8.209065953661536
24.8125,8.226079295117701
24.875,8.242679159268258
24.9375,8.258875573158901
25,8.274678369757432
25.0625,8.290097094251559
25.125,8.305141089740697
25.1875,8.319819442391621
25.25,8.334141065772448
25.3125,8.348114613289916
25.375,8.361748552751855
25.4375,8.375051115334625
25.5,8.388030385253531
25.5625,8.40069421741368
25.625,8.413050272637658
25.6875,8.425106032220853
25.75,8.43686877128634
25.8125,8.448345652445004
25.875,8.459543593957065
25.9375,8.470469388403659
26,8.481129640279109
26.0625,8.491530796743843
26.125,8.501679176253926
26.1875,8.51158089933554
26.25,8.521241996355212
26.3125,8.530668298162233
26.375,8.539865495304403
26.4375,8.548839184328317
26.5,8.557594785869435
26.5625,8.566137564237167
26.625,8.574472701670226
26.6875,8.582605293693542
26.75,8.590540204026683
26.8125,8.598282245970294
26.875,8.605836154180823
26.9375,8.613206454822414
27,8.620397616859742
27.0625,8.627414029680695
27.125,8.634259903153776
27.1875,8.640939392181902
27.25,8.64745658273651
27.3125,8.653815388688892
27.375,8.660019641585343
27.4375,8.666073129744937
27.5,8.671979560685658
27.5625,8.677742464866043
27.625,8.683365309004092
27.6875,8.688851526823779
27.75,8.6942044518149
27.8125,8.699427270014459
27.875,8.704523102783243
27.9375,8.709495121847382
28,8.71434635918712
28.0625,8.719079689567826
28.125,8.723697950882583
28.1875,8.728203994665444
28.25,8.732600537748874
28.3125,8.736890196028812
28.375,8.741075531374973
28.4375,8.745159188275556
28.5,8.749143618227642
28.5625,8.753031198477576
28.625,8.75682426359832
28.6875,8.760525136807887
28.75,8.764136035763043
28.8125,8.767659124570146
28.875,8.771096513730617
28.9375,8.774450352279272
29,8.777722650863323
29.0625,8.78091540023076
29.125,8.784030551434592
29.1875,8.787069957393799
29.25,8.790035489168153
29.3125,8.792928955407405
29.375,8.795752120869842
29.4375,8.798506663529688
29.5,8.801194269791255
29.5625,8.803816566109658
29.625,8.806375138140913
29.6875,8.808871538297124
29.75,8.811307270566733
29.8125,8.813683803424885
29.875,8.816002571511195
29.9375,8.818264989836077
30,8.820472419110928
30.00000000600005,8.820472419320247
30.00000000600005,8.820472419320247
30.0625,9.0390516326756
30.125,9.252417071421
30.1875,9.460598158886164
30.25,9.663719652683413
30.3125,9.861904489727156
30.375,10.055272528734385
30.4375,10.243940925566143
30.5,10.428023297623014
30.5625,10.607631019936491
30.625,10.782873710754288
30.6875,10.953856861886935
30.75,11.1206845774105
30.8125,11.283458042512718
30.875,11.442275600952343
30.9375,11.597233465141452
31,11.748425983526504
31.0625,11.89594488552555
31.125,12.03987871171091
31.1875,12.180314238299296
31.25,12.317336847149368
31.3125,12.451029529755067
31.375,12.581472783059674
31.4375,12.70874593815953
31.5,12.8329255754862
31.5625,12.954087144797713
31.625,13.072304024829986
31.6875,13.187647594239468
31.75,13.300187998406319
31.8125,13.409993079018573
31.875,13.517129524648107
31.9375,13.621662167342391
32,13.723654109037993
32.0625,13.82316732706667
32.125,13.92026193258032
32.1875,14.014996666873763
32.25,14.107428833937844
32.3125,14.197614372604898
32.375,14.285607950397251
32.4375,14.37146280791026
32.5,14.455230962560053
32.5625,14.536963203887648
32.625,14.616709027782422
32.6875,14.694516574468935
32.75,14.77043318006899
32.8125,14.84450494514769
32.875,14.916776903127401
32.9375,14.987292684732358
33,15.056094334405948
33.0625,15.12322393348589
33.125,15.188722113724168
33.1875,15.252628521847043
33.25,15.31498179044454
33.3125,15.375819546961594
33.375,15.435178656387523
33.4375,15.493095036226315
33.5,15.549603745197361
33.5625,15.604738949483698
33.625,15.658534065754417
33.6875,15.711021716499431
33.75,15.762233762532434
33.8125,15.812201160439962
33.875,15.860953963870712
33.9375,15.90852189248543
34,15.954933816102333
34.0625,16.000217932822196
34.125,16.044401401840627
34.1875,16.08751112687585
34.25,16.129573275567996
34.3125,16.170613377011556
34.375,16.21065620688374
34.4375,16.24972582697484
34.5,16.287845986937445
34.5625,16.32503973874451
34.625,16.361329570318887
34.6875,16.396737371956085
34.75,16.431284550695686
34.8125,16.464991976031005
34.875,16.49788000979952
34.9375,16.529968570687718
35,16.56127713033093
35.0625,16.59182463367989
35.125,16.621629622292094
35.1875,16.65071021782082
35.25,16.679083848934244
35.3125,16.70676786701524
35.375,16.73377911554036
35.4375,16.76013405720366
35.5,16.78584858954016
35.5625,16.810938180995382
35.625,16.835418181361447
35.6875,16.85930346030139
35.75,16.882608523738227
35.8125,16.905347194705413
35.875,16.92753332965646
35.9375,16.94918029557786
36,16.970301113277007
36.0625,16.99090856126645
36.125,17.01101510440337
36.1875,17.030632795515164
36.25,17.049773436390595
36.3125,17.06844855789856
36.375,17.086669776490318
36.4375,17.104448027065267
36.5,17.121794165526175
36.5625,17.13871881610877
36.625,17.155231944965724
36.6875,17.171343784802733
36.75,17.18706417221583
36.8125,17.20240272253027
36.875,17.217368448559583
36.9375,17.231970543107902
37,17.24621782282321
37.0625,17.260118890131707
37.125,17.27368215388992
37.1875,17.286915754937677
37.25,17.29982763743914
37.3125,17.31242567419862
37.375,17.324717493404307
37.4375,17.336710507891556
37.5,17.348411990053062
37.5625,17.35982904100074
37.625,17.370968620418065
37.6875,17.381837537774228
37.75,17.392442298540967
37.8125,17.402789350915437
37.875,17.412884990841064
37.9375,17.422735317010098
38,17.432346261549466
38.0625,17.441723623527608
38.125,17.450873058447304
38.1875,17.45980014098525
38.25,17.468510234852488
38.3125,17.477008599621517
38.375,17.48530040413972
38.4375,17.49339066914811
38.5,17.50128431454404
38.5625,17.508986101910878
38.625,17.51650070294252
38.6875,17.52383269224412
38.75,17.53098650751582
38.8125,17.537966460399858
38.875,17.54477678474169
38.9375,17.551421598190604
39,17.55790492647226
39.0625,17.56423068162867
39.125,17.57040268178039
39.1875,17.57642467835348
39.25,17.582300309260816
39.3125,17.588033133426393
39.375,17.59362661987153
39.4375,17.599084157783356
39.5,17.604409060923413
39.5625,17.6096045547023
39.625,17.61467377438086
39.6875,17.61961979871956
39.75,17.624445623998724
39.8125,17.629154164531997
39.875,17.633748271617183
39.9375,17.638230723055184
40,17.642604234828863
40.0625,17.64687145190584
40.125,17.651034955832973
40.1875,17.655097267086074
40.25,17.659060846025966
40.3125,17.662928094267343
40.375,17.666701354129373
40.4375,17.67038290601368
40.5,17.673974983780578
40.5625,17.67747976479417
40.625,17.68089936459572
40.6875,17.684235856656898
40.75,17.68749126108745
40.8125,17.69066754728453
40.875,17.69376663755693
40.9375,17.696790407542036
41,17.699740687414362
41.0625,17.70261926325153
41.125,17.705427877995795
41.1875,17.708168232270896
41.25,17.710841983605942
41.3125,17.71345075262675
41.375,17.71599612035613
41.4375,17.718479624160402
41.5,17.72090276985952
41.5625,17.72326702533149
41.625,17.725573820501825
41.6875,17.7278245516177
41.75,17.730020581773264
41.8125,17.732163240116616
41.875,17.734253823174353
41.9375,17.736293596914944
42,17.73828379629012
42.0625,17.740225625259285
42.125,17.742120260196312
42.1875,17.74396884888272
42.25,17.74577250872184
42.3125,17.7475323327026
42.375,17.74924938695705
42.4375,17.750924710219923
42.5,17.75255931640548
42.5625,17.754154195831465
42.625,17.75571031393922
42.6875,17.757228611985457
42.75,17.758710009672367
42.8125,17.760155403973656
42.875,17.7615656690887
42.9375,17.762941659295407
43,17.764284207972747
43.0625,17.765594127044903
43.125,17.766872209902388
43.1875,17.768119230777295
43.25,17.769335944252546
43.3125,17.77052308658732
43.375,17.77168137706793
43.4375,17.772811516967128
43.5,17.773914189733233
43.5625,17.774990063443035
43.625,17.776039789636428
43.6875,17.777064003041737
43.75,17.778063324138014
43.8125,17.779038358130812
43.875,17.77998969480844
43.9375,17.780917910203453
44,17.781823566575557
44.0625,17.782707212043725
44.125,17.783569381252462
44.1875,17.784410596572698
44.25,17.78523136736871
44.3125,17.786032189951197
44.375,17.78681354954853
44.4375,17.78757591941178
44.5,17.788319760435314
44.5625,17.789045523285225
44.625,17.789753647497456
44.6875,17.790444561466533
44.75,17.791118683445635
44.8125,17.791776421784252
44.875,17.792418174608756
44.9375,17.793044330157127
45,17.793655267791966
45.0625,17.79425135747237
45.125,17.794832959628398
45.1875,17.795400426658418
45.25,17.795954102275555
45.3125,17.796494321235993
45.375,17.797021410793118
45.4375,17.797535690184944
45.5,17.79803747057804
45.5625,17.798527055670124
45.625,17.79900474204234
45.6875,17.799470818869505
45.75,17.799925568073306
45.8125,17.800369265166804
45.875,17.800802178853356
45.9375,17.801224570884475
46,17.80163669718581
46.0625,17.80203880737466
46.125,17.80243114462127
46.1875,17.802813946534805
46.25,17.803187444982754
46.3125,17.80355186598443
46.375,17.803907430061333
46.4375,17.804254352618774
46.5,17.804592843694984
46.5625,17.804923108010257
46.625,17.80524534566049
46.6875,17.80555975180634
46.75,17.805866516535357
46.8125,17.806165825712018
46.875,17.806457860616703
46.9375,17.806742797888642
47,17.807020810051334
47.0625,17.807292065509916
47.125,17.807556728435518
47.1875,17.807814958956534
47.25,17.80806691351879
47.3125,17.80831274467981
47.375,17.808552601101482
47.4375,17.808786628107224
47.5,17.809014967443222
47.5625,17.809237757153422
47.625,17.809455132221814
47.6875,17.809667224300735
47.75,17.80987416169859
47.8125,17.810076069684097
47.875,17.810273070568137
47.9375,17.810465283596628
48,17.81065282504653
48.0625,17.810835808540755
48.125,17.81101434488569
48.1875,17.81118854203719
48.25,17.811358505538543
48.3125,17.8115243383335
48.375,17.81168614069242
48.4375,17.811844010627087
48.5,17.811998043755462
48.5625,17.81214833327748
48.625,17.812294970152145
48.6875,17.812438043211998
48.75,17.812577639070483
48.8125,17.812713842163244
48.875,17.81284673501119
48.9375,17.812976398094975
49,17.813102909811686
49.0625,17.813226346813142
49.125,17.813346783861324
49.1875,17.813464293792393
49.25,17.813578947770058
49.3125,17.813690815241795
49.375,17.813799963862348
49.4375,17.81390645961729
49.5,17.814010366982046
49.5625,17.81411174882661
49.625,17.81421066649942
49.6875,17.814307179870557
49.75,17.814401347614744
49.8125,17.814493230384134
49.875,17.814582881511413
49.9375,17.81467035514807
50,17.814755703931606
50,17.814755703931606
