"time","voltageSensor.v"
0,0
0.02,0.00498510255990993
0.04,0.009935257999896563
0.06,0.01484760858175991
0.08,0.019721700116968617
0.1,0.02455762346278669
0.12,0.029355667653937514
0.14,0.03411609342162221
0.16,0.038839361978456236
0.18,0.043525600710431475
0.2,0.0481751297058185
0.22,0.05278818018380085
0.24,0.057365028058907676
0.26,0.06190609350177025
0.28,0.06641147538888678
0.3,0.07088150331930111
0.32,0.07531644672577692
0.34,0.07971654620661427
0.36,0.08408203424439317
0.38,0.08841324470689062
0.4,0.0927104542928109
0.42,0.09697392563190714
0.44,0.10120394552654696
0.46,0.10540079714922732
0.48,0.10956475730185265
0.5,0.11369606549305376
0.52,0.11779495071443281
0.54,0.12186169736596028
0.56,0.1258965667991882
0.58,0.12989980313817115
0.6,0.13387160748603041
0.62,0.13781226170052252
0.64,0.14172201607094678
0.66,0.1456011202947346
0.68,0.1494497791241714
0.7,0.15326825967943
0.72,0.1570568066902318
0.74,0.16081566488629814
0.76,0.16454502175667882
0.78,0.16824511831792008
0.8,0.17191620219175613
0.82,0.1755585084591651
0.84,0.17917224770912815
0.86,0.18275763141522802
0.88,0.18631490432586892
0.9,0.18984429485592577
0.92,0.19334602322840522
0.94,0.1968202843857879
0.96,0.20026731107572182
0.98,0.20368731979499485
1,0.20708052544640015
1.02,0.210447119001337
1.04,0.21378731655064406
1.06,0.21710132247116792
1.08,0.22038933888138754
1.1,0.22365156564141458
1.12,0.226888200352993
1.14,0.2300994383594994
1.16,0.23328547274594294
1.18,0.2364465299165072
1.2,0.23958282581178736
1.22,0.24269452815978998
1.24,0.24578183038411097
1.26,0.2488449244599023
1.28,0.25188400091387186
1.3,0.2548992488242833
1.32,0.2578908558209565
1.34,0.26085899640421545
1.36,0.2638038588482133
1.38,0.2667256267402436
1.4,0.2696244804782554
1.42,0.27250059890447875
1.44,0.2753541593054252
1.46,0.27818533741188783
1.48,0.2809943103379769
1.5,0.28378126432982365
1.52,0.28654636253194465
1.54,0.2892897761035584
1.56,0.29201167477149215
1.58,0.2947122268301831
1.6,0.2973915991416777
1.62,0.3000499571356317
1.64,0.3026874691169767
1.66,0.30530429997413566
1.68,0.30790060875156305
1.7,0.3104765559947168
1.72,0.3130323008791782
1.74,0.31556800121065215
1.76,0.3180838134249669
1.78,0.3205798925880742
1.8,0.3230564027578472
1.82,0.3255134924069181
1.84,0.3279513125426489
1.86,0.3303700139292369
1.88,0.3327697460459245
1.9,0.33515065708699937
1.92,0.33751289396179374
1.94,0.33985660431167286
1.96,0.34218193975554384
1.98,0.344489039061392
2,0.3467780449622906
2.02,0.3490490989792746
2.04,0.35130234142134
2.06,0.3535379113854445
2.08,0.3557559467565068
2.1,0.35795658823648213
2.12,0.36013997328497477
2.14,0.36230623495926567
2.16,0.36445550748306615
2.18,0.3665879240234295
2.2,0.3687036166994377
2.22,0.37080271659088765
2.24,0.3728853537469779
2.26,0.37495165719499507
2.28,0.3770017549490004
2.3,0.37903577401851635
2.32,0.3810538404172128
2.34,0.38305607917159407
2.36,0.38504261432968495
2.38,0.38701356896971756
2.4,0.38896906556339417
2.42,0.39090922616561247
2.44,0.3928341702750008
2.46,0.39474401726764524
2.48,0.39663888560190236
2.5,0.3985188928274483
2.52,0.40038415559433055
2.54,0.40223478966201814
2.56,0.4040709099084523
2.58,0.40589263033909706
2.6,0.40770006409598986
2.62,0.40949332346679207
2.64,0.4112725198938398
2.66,0.4130377639831944
2.68,0.41478916551369316
2.7,0.41652683344599967
2.72,0.41825086842805215
2.74,0.4199613827794722
2.76,0.42165848297020836
2.78,0.42334227441086314
2.8,0.425012861710445
2.82,0.4266703486844304
2.84,0.4283148383628247
2.86,0.4299464329982241
2.88,0.4315652340738768
2.9,0.43317134231174464
2.92,0.43476485768056383
2.94,0.4363458794039076
2.96,0.4379145059682463
2.98,0.43947083513101015
3,0.4410149639286496
3.02,0.4425469783399269
3.04,0.44406697519446997
3.06,0.4455750535507521
3.08,0.44707130698037834
3.1,0.4485558283265673
3.12,0.4500287097107088
3.14,0.45149004253892183
3.16,0.45293991750861334
3.18,0.45437842461503586
3.2,0.45580565315784594
3.22,0.45722169174766225
3.24,0.45862662831262346
3.26,0.460020550104947
3.28,0.46140354370748665
3.3,0.46277569504029065
3.32,0.4641370856355504
3.34,0.4654877947742669
3.36,0.4668279121509755
3.38,0.46815752066196026
3.4,0.4694767025426617
3.42,0.47078553937330087
3.44,0.4720841120845016
3.46,0.4733725009629137
3.48,0.47465078565683627
3.5,0.4759190451818398
3.52,0.4771773579263893
3.54,0.47842580165746795
3.56,0.4796644535261991
3.58,0.4808933900734696
3.6,0.48211268723555273
3.62,0.4833224204116684
3.64,0.48452266606855393
3.66,0.48571349707819617
3.68,0.4868949870814672
3.7,0.48806720914749946
3.72,0.4892302357794541
3.74,0.49038413892028976
3.76,0.4915289899585313
3.78,0.4926648597340384
3.8,0.49379181854377424
3.82,0.49490993614757406
3.84,0.49601928177391397
3.86,0.4971199241256794
3.88,0.49821193138593406
3.9,0.4992953712236883
3.92,0.500370310799668
3.94,0.5014368187085783
3.96,0.502494960522765
3.98,0.5035448013859742
4,0.5045864065887833
4.02,0.505619840949629
4.04,0.5066451688207951
4.06,0.5076624540943999
4.08,0.5086717602083837
4.1,0.5096731501524961
4.12,0.5106666864742847
4.14,0.5116524312850811
4.16,0.5126304462659897
4.18,0.5136007926738757
4.2,0.5145635313473506
4.22,0.5155187227127616
4.24,0.5164664206716361
4.26,0.5174066797065858
4.28,0.518339565802327
4.3,0.5192651372089405
4.32,0.5201834517529927
4.34,0.5210945668422755
4.36,0.5219985394705464
4.38,0.5228954262222714
4.4,0.5237852832773643
4.42,0.5246681664159284
4.44,0.5255441310229968
4.46,0.5264132320932742
4.48,0.5272755242358766
4.5,0.5281310616790735
4.52,0.5289798982750278
4.54,0.529822084807078
4.56,0.5306576523769696
4.58,0.5314866710869308
4.6,0.5323091923539263
4.62,0.5331252671730607
4.64,0.5339349461201957
4.66,0.5347382793545705
4.68,0.5355353166214195
4.7,0.5363261072545912
4.72,0.5371107001791674
4.74,0.5378891439140816
4.76,0.5386614865747374
4.78,0.5394277758756283
4.8,0.5401880591329551
4.82,0.5409423832672455
4.84,0.5416907948059733
4.86,0.5424333351260561
4.88,0.5431700521242554
4.9,0.5439009919499572
4.92,0.5446261993511189
4.94,0.5453457186795964
4.96,0.5460595938932798
4.98,0.5467678685582299
5,0.5474705858508127
5.02,0.5481677885598365
5.04,0.5488595190886871
5.06,0.549545819457464
5.08,0.5502267313051156
5.1,0.5509022958915749
5.12,0.5515725540998969
5.14,0.5522375464383924
5.16,0.5528973270847035
5.18,0.5535519418242618
5.2,0.5542014187411757
5.22,0.5548457980036129
5.24,0.5554851194952474
5.26,0.5561194228197966
5.28,0.5567487473055605
5.3,0.5573731320099607
5.32,0.5579926157240785
5.34,0.5586072369771947
5.36,0.5592170340413274
5.38,0.5598220449357699
5.4,0.5604223074316321
5.42,0.561017859056376
5.44,0.5616087370983576
5.46,0.5621949778414258
5.48,0.5627766149018261
5.5,0.5633536875921311
5.52,0.5639262321225089
5.54,0.5644942844748808
5.56,0.5650578804070976
5.58,0.5656170554571192
5.6,0.566171844947192
5.62,0.5667222839880265
5.64,0.5672684074829764
5.66,0.5678102501322154
5.68,0.5683478464369155
5.7,0.5688812307034259
5.72,0.5694104370474495
5.74,0.5699354993982227
5.76,0.5704564515026916
5.78,0.5709733038404179
5.8,0.5714861030362995
5.82,0.5719948840755872
5.84,0.5724996789872229
5.86,0.5730005195677075
5.88,0.5734974373831575
5.9,0.5739904637713626
5.92,0.5744796298438436
5.94,0.5749649664879076
5.96,0.5754465043687074
5.98,0.5759242739312972
6,0.5763983054026904
6.02,0.5768686287939171
6.04,0.5773352739020803
6.06,0.5777982703124143
6.08,0.5782576324297061
6.1,0.5787133875360472
6.12,0.5791655733546353
6.14,0.5796142175958764
6.16,0.5800593476955004
6.18,0.580500990814418
6.2,0.5809391738385741
6.22,0.5813739233788027
6.24,0.5818052657706835
6.26,0.5822332270743946
6.28,0.5826578330745694
6.3,0.5830791092801502
6.32,0.5834970809242433
6.34,0.5839117729639753
6.36,0.5843232100803459
6.38,0.5847314200815249
6.4,0.5851364354247637
6.42,0.5855382722201115
6.44,0.5859369545683759
6.46,0.5863325063306263
6.48,0.5867249511291773
6.5,0.5871143123485731
6.52,0.5875006131365699
6.54,0.5878838764051212
6.56,0.5882641248313594
6.58,0.5886413808585816
6.6,0.5890156666972314
6.62,0.5893870043258833
6.64,0.5897554154922268
6.66,0.5901209217140494
6.68,0.5904835442802202
6.7,0.5908433517027356
6.72,0.5912003327539952
6.74,0.5915545079750046
6.76,0.5919058996905325
6.78,0.5922545301348092
6.8,0.5926004214564864
6.82,0.5929435957235946
6.84,0.593284074928504
6.86,0.593621880992882
6.88,0.5939570357726526
6.9,0.5942895610629548
6.92,0.5946194786031027
6.94,0.5949468100815429
6.96,0.5952715771408145
6.98,0.5955938013825075
7,0.5959134854484375
7.02,0.5962306528878504
7.04,0.5965453330817541
7.06,0.5968575463526619
7.08,0.5971673129259188
7.1,0.5974746529322263
7.12,0.5977795864101653
7.14,0.5980821333087191
7.16,0.5983823134897979
7.18,0.598680146730762
7.2,0.5989756527269452
7.22,0.5992688510941777
7.24,0.5995597613713108
7.26,0.59984840302274
7.28,0.6001347550164263
7.3,0.6004188590983959
7.32,0.60070073809934
7.34,0.6009804094632152
7.36,0.6012578904652286
7.38,0.6015331982118378
7.4,0.6018063496407502
7.42,0.6020773615209241
7.44,0.6023462504525674
7.46,0.6026130328671389
7.48,0.6028777250273474
7.5,0.6031403430271518
7.52,0.6034009027917618
7.54,0.6036594205545185
7.56,0.6039159167935877
7.58,0.6041704030638573
7.6,0.6044228947832314
7.62,0.604673407208272
7.64,0.6049219554341966
7.66,0.6051685543948787
7.68,0.6054132188628495
7.7,0.6056559634492957
7.72,0.6058968026040605
7.74,0.6061357506156441
7.76,0.6063728216112027
7.78,0.6066080295565487
7.8,0.6068413882561516
7.82,0.6070729172958997
7.84,0.6073026404147023
7.86,0.6075305603024543
7.88,0.6077566907376459
7.9,0.6079810453649742
7.92,0.6082036376953422
7.94,0.6084244811058603
7.96,0.6086435888398448
7.98,0.6088609740068188
8,0.6090766495825121
8.02,0.609290628408861
8.04,0.6095029231940081
8.06,0.6097135465123034
8.08,0.6099225108043022
8.1,0.610129840987543
8.12,0.610335552245197
8.14,0.6105396478988236
8.16,0.6107421406107473
8.18,0.6109430429428371
8.2,0.6111423673565067
8.22,0.6113401262127146
8.24,0.6115363317719632
8.26,0.6117309961942999
8.28,0.6119241315393166
8.3,0.6121157497661495
8.32,0.6123058627334795
8.34,0.612494482199532
8.36,0.6126816198220768
8.38,0.6128672952176919
8.4,0.6130515167806223
8.42,0.6132342939775914
8.44,0.6134156384005007
8.46,0.6135955615554494
8.48,0.6137740748627336
8.5,0.6139511896568466
8.52,0.6141269171864796
8.54,0.6143012686145203
8.56,0.6144742550180541
8.58,0.6146458873883629
8.6,0.6148161766309268
8.62,0.6149851335654228
8.64,0.6151527689257248
8.66,0.6153190864762597
8.68,0.6154841017319307
8.7,0.6156478250567466
8.72,0.6158102666234244
8.74,0.6159714365094643
8.76,0.6161313446971488
8.78,0.616290001073544
8.8,0.6164474154304981
8.82,0.6166035974646428
8.84,0.6167585567773924
8.86,0.6169123028749443
8.88,0.6170648451682783
8.9,0.6172161929731579
8.92,0.6173663510751559
8.94,0.6175153152607177
8.96,0.6176631115754381
8.98,0.6178097497645777
9,0.617955239573397
9.02,0.6180995907471568
9.04,0.6182428130311174
9.06,0.6183849161705397
9.08,0.6185259099106839
9.1,0.6186658039968106
9.12,0.6188046081741804
9.14,0.618942332188054
9.16,0.6190789857836918
9.18,0.6192145417121282
9.2,0.6193490283146686
9.22,0.6194824624208128
9.24,0.6196148530043941
9.26,0.6197462090392456
9.28,0.6198765394992003
9.3,0.6200058533580916
9.32,0.620134159589752
9.34,0.6202614671680154
9.36,0.6203877850667145
9.38,0.6205131222596825
9.4,0.6206374877207524
9.42,0.6207608643210873
9.44,0.6208832383322722
9.46,0.6210046511054375
9.48,0.6211251104246442
9.5,0.6212446240739541
9.52,0.6213631998374283
9.54,0.6214808454991284
9.56,0.6215975688431158
9.58,0.6217133776534518
9.6,0.621828279714198
9.62,0.6219422828094154
9.64,0.622055394723166
9.66,0.6221676230630425
9.68,0.6222789515215096
9.7,0.6223894064726362
9.72,0.6224989952769933
9.74,0.6226077252951511
9.76,0.6227156038876804
9.78,0.6228226384151517
9.8,0.6229288362381361
9.82,0.6230342047172037
9.84,0.6231387512129254
9.86,0.6232424830858717
9.88,0.6233454076966133
9.9,0.6234475324057207
9.92,0.6235488425222797
9.94,0.6236493463189356
9.96,0.6237490630799505
9.98,0.6238479995080111
10,0.6239461623058042
10.02,0.6240435581760165
10.04,0.6241401938213346
10.06,0.6242360759444453
10.08,0.6243312112480353
10.1,0.6244256064347913
10.12,0.6245192682074
10.14,0.6246122032685479
10.16,0.6247044114984525
10.18,0.6247958745608462
10.2,0.6248866201045715
10.22,0.6249766534826112
10.24,0.6250659799814876
10.26,0.6251546048212623
10.28,0.6252425331555362
10.3,0.6253297700714495
10.32,0.6254163205896818
10.34,0.625502189664452
10.36,0.6255873821835186
10.38,0.6256719029681789
10.4,0.62575575677327
10.42,0.625838957802411
10.44,0.6259215065348933
10.46,0.6260034060234382
10.48,0.6260846612159734
10.5,0.6261652770159154
10.52,0.62624525828217
10.54,0.6263246098291313
10.56,0.626403336426682
10.58,0.6264814428001942
10.6,0.6265589336305285
10.62,0.6266358135540335
10.64,0.6267120871625477
10.66,0.6267877625735114
10.68,0.6268628477157978
10.7,0.626937342949266
10.72,0.6270112530409672
10.74,0.6270845827306648
10.76,0.6271573367308362
10.78,0.6272295197266714
10.8,0.6273011363760743
10.82,0.6273721913096614
10.84,0.6274426891307627
10.86,0.6275126344154215
10.88,0.627582031712394
10.9,0.627650885524635
10.92,0.6277191982428273
10.94,0.6277869758339033
10.96,0.6278542226594542
10.98,0.6279209430499046
11,0.6279871413045124
11.02,0.6280528216913697
11.04,0.6281179884474015
11.06,0.6281826457783668
11.08,0.6282467978588577
11.1,0.6283104488323004
11.12,0.6283736028109541
11.14,0.6284362638759119
11.16,0.6284984330871211
11.18,0.6285601143705054
11.2,0.6286213131760809
11.22,0.6286820332654762
11.24,0.6287422783597468
11.26,0.6288020521393759
11.28,0.6288613582442739
11.3,0.6289202002737792
11.32,0.6289785817866568
11.34,0.6290365063010999
11.36,0.6290939772947284
11.38,0.6291509982045905
11.4,0.6292075724006626
11.42,0.6292637031429005
11.44,0.6293193938270637
11.46,0.6293746477227153
11.48,0.62942946805859
11.5,0.6294838580225934
11.52,0.6295378207618036
11.54,0.6295913593824702
11.56,0.6296444769500139
11.58,0.6296971764890278
11.6,0.6297494609832761
11.62,0.6298013333756949
11.64,0.6298527965683921
11.66,0.6299038570507428
11.68,0.6299545169785172
11.7,0.6300047789817743
11.72,0.6300546463444038
11.74,0.6301041223502952
11.76,0.6301532102833384
11.78,0.6302019134274226
11.8,0.630250235066438
11.82,0.6302981784842739
11.84,0.6303457469648202
11.86,0.6303929437919664
11.88,0.6304397722496022
11.9,0.6304862310848225
11.92,0.6305323197498897
11.94,0.6305780470684088
11.96,0.630623416119456
11.98,0.6306684299821074
12,0.6307130917354389
12.02,0.6307574044585266
12.04,0.6308013712304464
12.06,0.6308449951302743
12.08,0.6308882792370866
12.1,0.6309312266299589
12.12,0.6309738403879677
12.14,0.6310161234149301
12.16,0.6310580625266707
12.18,0.6310996733838302
12.2,0.6311409587778999
12.22,0.6311819215003707
12.24,0.6312225643427338
12.26,0.6312628900964801
12.28,0.6313029015531009
12.3,0.631342601504087
12.32,0.6313819927409297
12.34,0.6314210780551199
12.36,0.6314598602381488
12.38,0.6314983420815073
12.4,0.6315365127528701
12.42,0.6315743757618127
12.44,0.6316119411477522
12.46,0.6316492112983935
12.48,0.631686188601441
12.5,0.6317228754445994
12.52,0.6317592742155731
12.54,0.6317953873020667
12.56,0.6318312170917847
12.58,0.631866765972432
12.6,0.6319020363317126
12.62,0.6319370305573314
12.64,0.6319717499023022
12.66,0.6320061928947694
12.68,0.6320403655350092
12.7,0.6320742701092232
12.72,0.6321079089036136
12.74,0.6321412842043822
12.76,0.632174398297731
12.78,0.6322072534698617
12.8,0.6322398520069766
12.82,0.6322721961952771
12.84,0.6323042883209655
12.86,0.6323361306702435
12.88,0.6323677255293132
12.9,0.6323990656466466
12.92,0.6324301581493164
12.94,0.6324610070641169
12.96,0.6324916144692472
12.98,0.6325219824429065
13,0.6325521130632935
13.02,0.6325820084086077
13.04,0.6326116705570477
13.06,0.6326411015868129
13.08,0.632670303576102
13.1,0.6326992786031145
13.12,0.632728028746049
13.14,0.6327565503518864
13.16,0.6327848407295519
13.18,0.6328129089008193
13.2,0.6328407566863823
13.22,0.6328683859069352
13.24,0.6328957983831717
13.26,0.6329229959357858
13.28,0.6329499803854718
13.3,0.632976753552923
13.32,0.633003317258834
13.34,0.6330296733238985
13.36,0.6330558235688103
13.38,0.6330817697148927
13.4,0.6331075056450586
13.42,0.6331330393287585
13.44,0.6331583724459022
13.46,0.6331835066763991
13.48,0.6332084437001585
13.5,0.6332331851970902
13.52,0.6332577328471031
13.54,0.6332820883301074
13.56,0.633306253326012
13.58,0.6333302295147264
13.6,0.6333540185761604
13.62,0.6333776221902232
13.64,0.633401038306884
13.66,0.6334242688236178
13.68,0.6334473173885705
13.7,0.6334701855714643
13.72,0.633492874942021
13.74,0.6335153870699629
13.76,0.633537723525012
13.78,0.6335598858768905
13.8,0.6335818756953203
13.82,0.6336036945500235
13.84,0.6336253440107225
13.86,0.6336468256471389
13.88,0.633668139158195
13.9,0.6336892798367538
13.92,0.6337102551422916
13.94,0.63373106647868
13.96,0.6337517152497912
13.98,0.6337722028594971
14,0.6337925307116692
14.02,0.63381270021018
14.04,0.6338327127589007
14.06,0.6338525697617039
14.08,0.6338722726224613
14.1,0.6338918227450444
14.12,0.6339112215333256
14.14,0.6339304636430201
14.16,0.6339495534827014
14.18,0.6339684934745351
14.2,0.6339872846993371
14.22,0.6340059282224759
14.24,0.6340244250938745
14.26,0.6340427763480082
14.28,0.6340609830039062
14.3,0.6340790460651509
14.32,0.6340969665198782
14.34,0.6341147453407768
14.36,0.6341323834850895
14.38,0.634149883367632
14.4,0.6341672472720131
14.42,0.6341844744580811
14.44,0.6342015659649927
14.46,0.6342185228234624
14.48,0.6342353460557636
14.5,0.6342520366757272
14.52,0.6342685956887423
14.54,0.6342850240917564
14.56,0.6343013228732748
14.58,0.6343174930133615
14.6,0.6343335354836375
14.62,0.6343494512763836
14.64,0.6343652434424094
14.66,0.6343809114282808
14.68,0.6343964562502723
14.7,0.6344118789201159
14.72,0.6344271804449996
14.74,0.6344423618275683
14.76,0.6344574240659238
14.78,0.6344723681536245
14.8,0.6344871950796858
14.82,0.6345019058285792
14.84,0.6345165013802336
14.86,0.6345309827100343
14.88,0.6345453504484755
14.9,0.6345596055571845
14.92,0.6345737491601983
14.94,0.6345877821927698
14.96,0.6346017055845484
14.98,0.6346155202595797
15,0.6346292271363064
15.02,0.6346428271275679
15.04,0.6346563211406003
15.06,0.6346697100770357
15.08,0.6346829948329035
15.1,0.6346961762986298
15.12,0.6347092548476766
15.14,0.6347222295805629
15.16,0.6347351028713575
15.18,0.6347478754904875
15.2,0.6347605481979741
15.22,0.6347731217434313
15.24,0.6347855968660662
15.26,0.6347979742946795
15.28,0.6348102547476655
15.3,0.6348224389330107
15.32,0.6348345275482958
15.34,0.6348465212806944
15.36,0.6348584208069733
15.38,0.6348702264493461
15.4,0.6348819393387106
15.42,0.6348935603139845
15.44,0.6349050901216048
15.46,0.6349165295080085
15.48,0.6349278792196325
15.5,0.6349391400029135
15.52,0.634950312604289
15.54,0.6349613977701957
15.56,0.6349723962470705
15.58,0.6349833087813503
15.6,0.6349941361194723
15.62,0.6350048778865384
15.64,0.635015533923315
15.66,0.6350261063136958
15.68,0.6350365957542109
15.7,0.6350470029413903
15.72,0.6350573285717644
15.74,0.6350675733418634
15.76,0.6350777379482178
15.78,0.6350878230873572
15.8,0.6350978294558124
15.82,0.6351077577501133
15.84,0.6351176086667903
15.86,0.6351273828603545
15.88,0.6351370784072629
15.9,0.6351466980388943
15.92,0.63515624240503
15.94,0.6351657121554501
15.96,0.6351751079399361
15.98,0.6351844304082683
16,0.6351936802102275
16,0.6351936802102275
