"time","funciontransferencia.y"
0,0
0.02,0.0049850976247046005
0.04,0.00993524992686249
0.06,0.014847607497185196
0.08,0.019721694187709846
0.1,0.024557619199755177
0.12,0.02935563455736515
0.14,0.034116025827451595
0.16,0.03883908520246199
0.18,0.04352510474638051
0.2,0.04817437478587269
0.22,0.052787225141088696
0.24,0.057363939872689305
0.26,0.06190491096904096
0.28,0.06641026810372765
0.3,0.0708802559930544
0.32,0.0753152793530102
0.34,0.07971546958656929
0.36,0.08408118354919476
0.38,0.08841268343833536
0.4,0.09271011942919037
0.42,0.09697385442653257
0.44,0.10120407000469975
0.46,0.10540101351774891
0.48,0.10956502847603612
0.5,0.11369634526455967
0.52,0.11779523093232717
0.54,0.1218619687698577
0.56,0.12589682264104385
0.58,0.12990006263209086
0.6,0.13387188321559848
0.62,0.13781255930840405
0.64,0.14172234738253608
0.66,0.14560149538237555
0.68,0.14945018001669783
0.7,0.1532686763479839
0.72,0.15705722485519732
0.74,0.16081606318514666
0.76,0.16454541992775626
0.78,0.1682455392646645
0.8,0.17191665951040666
0.82,0.17555899643390796
0.84,0.17917274496984356
0.86,0.18275815674704116
0.88,0.1863154600430354
0.9,0.18984488313536094
0.92,0.19334660386215566
0.94,0.19682084492375065
0.96,0.20026783976775775
0.98,0.2036878083659662
1,0.20708096764961084
1.02,0.21044748399914817
1.04,0.21378760016514323
1.06,0.21710153021248085
1.08,0.22038948820604584
1.1,0.22365166073379186
1.12,0.2268882190748485
1.14,0.23009939782904257
1.16,0.23328540286820587
1.18,0.2364464400641695
1.2,0.239582667070977
1.22,0.24269428744509272
1.24,0.2457815119738404
1.26,0.24884453941007142
1.28,0.2518835657299015
1.3,0.25489874699022874
1.32,0.2578902921201274
1.34,0.2608583891277384
1.36,0.2638032247684802
1.38,0.266724975254153
1.4,0.269623808610486
1.42,0.27249991049158856
1.44,0.27535345606087863
1.46,0.27818461849088516
1.48,0.28099358833335175
1.5,0.2837805389576951
1.52,0.2865456396561352
1.54,0.28928906264298343
1.56,0.2920109776842382
1.58,0.29471153899489627
1.6,0.29739091876267043
1.62,0.3000492802976425
1.64,0.3026867852141254
1.66,0.30530360340390816
1.68,0.3078999093212604
1.7,0.3104758569410158
1.72,0.3130316078877533
1.74,0.3155673228509585
1.76,0.31808314532057513
1.78,0.32057923122028886
1.8,0.3230557365147883
1.82,0.3255128124072085
1.84,0.3279506106650835
1.86,0.3303693024497151
1.88,0.33276902888281695
1.9,0.3351499409352167
1.92,0.3375121887183813
1.94,0.3398559122496143
1.96,0.34218124591564814
1.98,0.34448833935347917
2,0.3467773331808638
2.02,0.3490483664792052
2.04,0.35130159676072237
2.06,0.3535371628646612
2.08,0.3557552018124761
2.1,0.3579558534336348
2.12,0.3601392543886926
2.14,0.3623055205385069
2.16,0.3644547945432277
2.18,0.3665872071532178
2.2,0.368702887640308
2.22,0.3708019749694294
2.24,0.3728846112401891
2.26,0.3749509190383696
2.28,0.37700102878347813
2.3,0.3790350702045488
2.32,0.38105314140299845
2.34,0.3830553772513015
2.36,0.38504191010809197
2.38,0.38701286665605056
2.4,0.3889683692131973
2.42,0.39090851162898393
2.44,0.39283343480227156
2.46,0.39474326145814653
2.48,0.39663811432169566
2.5,0.3985181022100226
2.52,0.40038333342996474
2.54,0.40223393802564794
2.56,0.40407003530378827
2.58,0.40589174457110155
2.6,0.40769914983631267
2.62,0.40949237468620675
2.64,0.4112715394246844
2.66,0.4130367587283288
2.68,0.4147881422325201
2.7,0.4165257711027184
2.72,0.41824977458430657
2.74,0.4199602632345209
2.76,0.421657347610597
2.78,0.42334112602678736
2.8,0.42501169405120276
2.82,0.4266691641190618
2.84,0.4283136395751868
2.86,0.4299452229622512
2.88,0.431564016020779
2.9,0.43317011968914526
2.92,0.43476363410357594
2.94,0.436344658598148
2.96,0.4379132902059796
2.98,0.43946961865689044
3,0.44101374551104144
3.02,0.44254576591043837
3.04,0.44406577411408904
3.06,0.4455738634980034
3.08,0.4470701265551934
3.1,0.44855465489567303
3.12,0.4500275392464582
3.14,0.4514888694515666
3.16,0.45293874849876814
3.18,0.45437725903462484
3.2,0.4558044874315851
3.22,0.45722052125141954
3.24,0.458625447255273
3.26,0.46001935140366434
3.28,0.46140231885648647
3.3,0.46277443397300644
3.32,0.4641357803118657
3.34,0.46548645360511887
3.36,0.4668265418559324
3.38,0.4681561183803881
3.4,0.4694752652842967
3.42,0.4707840639821015
3.44,0.4720825951968774
3.46,0.4733709389603326
3.48,0.4746491746128063
3.5,0.47591738080327095
3.52,0.4771756384360817
3.54,0.47842403671513467
3.56,0.47966264393115915
3.58,0.4808915370314209
3.6,0.482110792339612
3.62,0.48332048555585205
3.64,0.484520691756688
3.66,0.48571148539509357
3.68,0.4868929403004701
3.7,0.48806512967864574
3.72,0.48922812965984613
3.74,0.4903820105949745
3.76,0.4915268436879973
3.78,0.4926626999249571
3.8,0.493789649685095
3.82,0.49490776274085024
3.84,0.49601710825786044
3.86,0.4971177547949617
3.88,0.49820977030418817
3.9,0.4992932242359723
3.92,0.5003681840481883
3.94,0.5014347147614676
3.96,0.5024928821681205
3.98,0.5035427514703275
4,0.5045843872801383
4.02,0.5056178536194726
4.04,0.5066432139201197
4.06,0.5076605310237382
4.08,0.5086698693448645
4.1,0.5096712980414311
4.12,0.5106648735787197
4.14,0.5116506575071673
4.16,0.512628710907055
4.18,0.5135990943942514
4.2,0.5145618681259584
4.22,0.515517091806456
4.24,0.5164648246928475
4.26,0.5174051256008041
4.28,0.5183380529103115
4.3,0.5192636645714125
4.32,0.5201820181099542
4.34,0.5210931701363525
4.36,0.5219971717097777
4.38,0.5228940829270351
4.4,0.5237839592603221
4.42,0.5246668557462674
4.44,0.5255428269899912
4.46,0.5264119271691654
4.48,0.527274210038073
4.5,0.5281297289316679
4.52,0.5289785367696359
4.54,0.5298206860604537
4.56,0.5306562289054491
4.58,0.5314852170028608
4.6,0.5323077016518988
4.62,0.5331237385560017
4.64,0.5339333753499618
4.66,0.5347366621944879
4.68,0.5355336491345627
4.7,0.5363243858619717
4.72,0.5371089217203134
4.74,0.537887305710004
4.76,0.5386595864932873
4.78,0.5394258123992416
4.8,0.5401860314287864
4.82,0.540940291259692
4.84,0.5416886392515855
4.86,0.5424311224509585
4.88,0.5431677730177177
4.9,0.5438986429517025
4.92,0.5446237806112025
4.94,0.5453432308248582
4.96,0.5460570380507507
4.98,0.5467652463784998
5,0.5474678995313585
5.02,0.5481650408683106
5.04,0.5488567133861669
5.06,0.5495429597216615
5.08,0.5502238221535475
5.1,0.550899342604695
5.12,0.5515695626441863
5.14,0.552234531298589
5.16,0.5528942889989014
5.18,0.5535488733011316
5.2,0.5541983250353867
5.22,0.5548426847409365
5.24,0.5554819926701213
5.26,0.5561162887922626
5.28,0.5567456127975722
5.3,0.5573700041010596
5.32,0.5579895018464434
5.34,0.5586041449100585
5.36,0.5592139719047671
5.38,0.5598190211838658
5.4,0.5604193217572914
5.42,0.5610149072579194
5.44,0.5616058219602051
5.46,0.5621921022243158
5.48,0.5627737840902873
5.5,0.563350903279153
5.52,0.5639234951940706
5.54,0.5644915949214488
5.56,0.5650552372320756
5.58,0.5656144565822445
5.6,0.5661692871148831
5.62,0.5667197626606787
5.64,0.567265916739207
5.66,0.5678077892998592
5.68,0.5683454227151086
5.7,0.568878840290264
5.72,0.5694080753606084
5.74,0.5699331610410396
5.76,0.5704541302301689
5.78,0.5709710156144179
5.8,0.5714838496721147
5.82,0.5719926646775935
5.84,0.5724974927052884
5.86,0.5729983656338331
5.88,0.5734953151501575
5.9,0.5739883727535843
5.92,0.5744775650078475
5.94,0.5749629057543537
5.96,0.5754444397535694
5.98,0.5759221965337775
6,0.576396205353118
6.02,0.5768664952000697
6.04,0.5773330947939344
6.06,0.5777960325853188
6.08,0.5782553367566184
6.1,0.5787110352225001
6.12,0.5791631556303852
6.14,0.5796117253609326
6.16,0.5800567715285218
6.18,0.580498322464783
6.2,0.5809364280004075
6.22,0.5813710979585719
6.24,0.581802359665457
6.26,0.5822302402879501
6.28,0.5826547668378155
6.3,0.5830759661758652
6.32,0.5834938650161289
6.34,0.5839084899300239
6.36,0.5843198673505272
6.38,0.5847280235763441
6.4,0.5851329847760798
6.42,0.5855347769924087
6.44,0.5859334261462462
6.46,0.5863289274445187
6.48,0.5867213243620246
6.5,0.5871106431001649
6.52,0.5874969073531339
6.54,0.5878801405732411
6.56,0.5882603659702552
6.58,0.5886376065107498
6.6,0.5890118849174463
6.62,0.5893832236685597
6.64,0.5897516449971426
6.66,0.5901171708904301
6.68,0.5904798230891838
6.7,0.5908396230870367
6.72,0.591196618101401
6.74,0.5915508202825097
6.76,0.5919022455762513
6.78,0.5922509162984312
6.8,0.5925968546591845
6.82,0.5929400827673025
6.84,0.5932806226345554
6.86,0.5936184961800157
6.88,0.5939537252343841
6.9,0.5942863315443115
6.92,0.5946163367767248
6.94,0.5949437625231495
6.96,0.5952686303040349
6.98,0.59559093639677
7,0.5959107019019607
7.02,0.5962279588708058
7.04,0.5965427263871099
7.06,0.5968550233092217
7.08,0.5971648682682709
7.1,0.597472279666408
7.12,0.5977772756750427
7.14,0.598079874233081
7.16,0.5983800930451644
7.18,0.5986779495799083
7.2,0.5989734610681404
7.22,0.5992666445011386
7.24,0.5995575342930849
7.26,0.5998461571412005
7.28,0.6001325149628601
7.3,0.6004166258037592
7.32,0.6006985076250402
7.34,0.6009781783072229
7.36,0.6012556556541373
7.38,0.6015309573968529
7.4,0.6018041011976114
7.42,0.6020751046537568
7.44,0.602343985301667
7.46,0.6026107606206846
7.48,0.6028754480370485
7.5,0.6031380579163733
7.52,0.6033985961332102
7.54,0.603657090735571
7.56,0.6039135578066125
7.58,0.6041680133010281
7.6,0.6044204730456584
7.62,0.604670952740104
7.64,0.6049194679573383
7.66,0.6051660341443187
7.68,0.6054106666225988
7.7,0.6056533805889412
7.72,0.6058941911159293
7.74,0.6061331131525793
7.76,0.6063701621376141
7.78,0.6066053554233487
7.8,0.6068387055266619
7.82,0.6070702270916768
7.84,0.6072999346569903
7.86,0.6075278426568116
7.88,0.6077539654221008
7.9,0.6079783171817066
7.92,0.6082009120635039
7.94,0.6084217640955332
7.96,0.6086408872071375
7.98,0.6088582952301009
8,0.6090740018997868
8.02,0.6092880204636812
8.04,0.609500354543434
8.06,0.6097110245329885
8.08,0.6099200432711052
8.1,0.6101274234628328
8.12,0.6103331776791289
8.14,0.6105373183564828
8.16,0.6107398577965355
8.18,0.6109408081657007
8.2,0.6111401814947878
8.22,0.6113379896786205
8.24,0.6115342444756604
8.26,0.6117289575076271
8.28,0.6119221402591195
8.3,0.6121138186609925
8.32,0.6123039959343557
8.34,0.6124926825196207
8.36,0.6126798902220618
8.38,0.612865630777094
8.4,0.6130499158522631
8.42,0.6132327570492373
8.44,0.6134141659057956
8.46,0.6135941538978211
8.48,0.6137727324412885
8.5,0.6139499128942564
8.52,0.6141257065588572
8.54,0.6143001246832875
8.56,0.6144731683277276
8.58,0.6146448516092144
8.6,0.6148151878300618
8.62,0.6149841873098313
8.64,0.6151518602656756
8.66,0.6153182168123174
8.68,0.6154832669620283
8.7,0.6156470206246073
8.72,0.6158094876073598
8.74,0.6159706776150758
8.76,0.6161306002500099
8.78,0.6162892650118583
8.8,0.6164466812977394
8.82,0.6166028674387847
8.84,0.6167578333884794
8.86,0.6169115839397535
8.88,0.61706412889947
8.9,0.6172154780376298
8.92,0.6173656410896278
8.94,0.6175146277585098
8.96,0.6176624477172297
8.98,0.6178091106109046
9,0.6179546260590724
9.02,0.618099003657949
9.04,0.6182422529826833
9.06,0.6183843835896154
9.08,0.6185253956376974
9.1,0.6186652920686174
9.12,0.6188040908145968
9.14,0.618941800243583
9.16,0.6190784286242683
9.18,0.6192139841251546
9.2,0.6193484748136204
9.22,0.6194819086549866
9.24,0.6196142935115825
9.26,0.6197456371418122
9.28,0.6198759471992198
9.3,0.6200052312315573
9.32,0.6201334966798482
9.34,0.6202607569183844
9.36,0.6203870306339202
9.38,0.6205123145868142
9.4,0.6206366168680595
9.42,0.62075994554556
9.44,0.6208823086662826
9.46,0.621003714258411
9.48,0.6211241703334998
9.5,0.621243684888626
9.52,0.6213622659085444
9.54,0.6214799213678387
9.56,0.6215966592330765
9.58,0.6217124874649618
9.6,0.6218274107906004
9.62,0.6219414203655964
9.64,0.6220545369701433
9.66,0.6221667674573694
9.68,0.6222781185948234
9.7,0.6223885970634487
9.72,0.622498209456558
9.74,0.6226069622788056
9.76,0.6227148619451622
9.78,0.6228219147798887
9.8,0.6229281270155093
9.82,0.6230335047917864
9.84,0.6231380541546931
9.86,0.6232417812460773
9.88,0.6233447029352503
9.9,0.6234468172025289
9.92,0.6235481301975802
9.94,0.6236486480066291
9.96,0.6237483766524589
9.98,0.6238473220944105
10,0.623945490228383
10.02,0.6240428868868333
10.04,0.6241395178387764
10.06,0.6242353887897849
10.08,0.6243305053819902
10.1,0.6244248750635722
10.12,0.6245185114034256
10.14,0.6246114133232287
10.16,0.62470358663227
10.18,0.6247950370970079
10.2,0.6248857704410705
10.22,0.6249757923452569
10.24,0.6250651084475355
10.26,0.6251537243430451
10.28,0.6252416455840948
10.3,0.6253288776801637
10.32,0.6254154260979012
10.34,0.6255012952314517
10.36,0.6255864890135886
10.38,0.6256710142546965
10.4,0.6257548761230184
10.42,0.6258380797375912
10.44,0.6259206301682456
10.46,0.626002532435607
10.48,0.6260837915110947
10.5,0.6261644123169223
10.52,0.6262443997260977
10.54,0.6263237585624224
10.56,0.626402493600493
10.58,0.6264806125460409
10.6,0.6265581211540986
10.62,0.6266350219761079
10.64,0.6267113198402542
10.66,0.6267870195381817
10.68,0.6268621258249941
10.7,0.6269366434192539
10.72,0.627010577002983
10.74,0.6270839312216623
10.76,0.6271567106842322
10.78,0.6272289199630918
10.8,0.6273005635940995
10.82,0.6273716441674654
10.84,0.6274421664854052
10.86,0.6275121355862734
10.88,0.6275815557403415
10.9,0.6276504311753512
10.92,0.6277187660765147
10.94,0.627786564586514
10.96,0.6278538308055016
10.98,0.6279205687910997
11,0.627986782558401
11.02,0.6280524760799682
11.04,0.6281176532858341
11.06,0.6281823224960355
11.08,0.628246485307803
11.1,0.6283101451193148
11.12,0.6283733059099105
11.14,0.6284359716273117
11.16,0.6284981461876222
11.18,0.6285598334753278
11.2,0.6286210373432962
11.22,0.6286817616127774
11.24,0.6287420100734035
11.26,0.6288017864831885
11.28,0.6288610943168531
11.3,0.6289199286318744
11.32,0.6289783007056062
11.34,0.6290362143180821
11.36,0.6290936732493357
11.38,0.6291506812794005
11.4,0.6292072421883098
11.42,0.629263359756097
11.44,0.6293190377627961
11.46,0.6293742799884399
11.48,0.6294290902130625
11.5,0.629483472216697
11.52,0.6295374275523058
11.54,0.6295909514880162
11.56,0.629644055482718
11.58,0.6296967430815891
11.6,0.6297490178298079
11.62,0.6298008832725525
11.64,0.629852342955001
11.66,0.6299034004223318
11.68,0.6299540592197231
11.7,0.6300043228923532
11.72,0.6300541949853997
11.74,0.6301036703530295
11.76,0.630152750767311
11.78,0.6302014456060785
11.8,0.630249758046718
11.82,0.6302976912666146
11.84,0.630345248443154
11.86,0.6303924327537218
11.88,0.6304392473757036
11.9,0.6304856954864849
11.92,0.6305317802634512
11.94,0.6305775048839881
11.96,0.6306228657385753
11.98,0.6306678701081068
12,0.6307125216418673
12.02,0.630756823341024
12.04,0.6308007782067442
12.06,0.6308443892401951
12.08,0.6308876594425441
12.1,0.6309305918149586
12.12,0.6309731893586056
12.14,0.6310154550746526
12.16,0.6310573890508596
12.18,0.6310989865389528
12.2,0.6311402577009853
12.22,0.6311812052438746
12.24,0.6312218318745381
12.26,0.6312621402998934
12.28,0.6313021332268577
12.3,0.6313418133623486
12.32,0.6313811834132836
12.34,0.6314202460865803
12.36,0.631459004089156
12.38,0.6314974551630093
12.4,0.6315356019043668
12.42,0.6315734496454671
12.44,0.6316110008932513
12.46,0.6316482581546602
12.48,0.6316852239366348
12.5,0.6317219007461161
12.52,0.6317582910900449
12.54,0.6317943974753623
12.56,0.631830222409009
12.58,0.631865768397926
12.6,0.6319010287858493
12.62,0.631936012290388
12.64,0.631970721563922
12.66,0.6320051588906849
12.68,0.6320393265549105
12.7,0.6320732268408327
12.72,0.6321068620326853
12.74,0.632140234414702
12.76,0.6321733462711164
12.78,0.6322061998861628
12.8,0.6322387954008734
12.82,0.6322711311252774
12.84,0.6323032133490225
12.86,0.6323350441796953
12.88,0.6323666257248823
12.9,0.6323979600921702
12.92,0.6324290493891457
12.94,0.6324598957233953
12.96,0.6324905012025058
12.98,0.6325208679340636
13,0.6325509980256554
13.02,0.6325808907247891
13.04,0.6326105482749873
13.06,0.6326399738109767
13.08,0.6326691692070638
13.1,0.6326981363246897
13.12,0.6327268770124298
13.14,0.6327553931059928
13.16,0.6327836864282227
13.18,0.632811758789097
13.2,0.6328396119857275
13.22,0.632867247779334
13.24,0.6328946654321617
13.26,0.6329218683729025
13.28,0.632948858222324
13.3,0.6329756365811845
13.32,0.6330022050302339
13.34,0.6330285651302133
13.36,0.6330547184218552
13.38,0.6330806664258833
13.4,0.6331064106430127
13.42,0.6331319525539497
13.44,0.6331572946803905
13.46,0.6331824399745088
13.48,0.6332073884406407
13.5,0.633232141642189
13.52,0.633256701131672
13.54,0.6332810684507237
13.56,0.6333052451300938
13.58,0.6333292326896475
13.6,0.6333530326383655
13.62,0.6333766464743444
13.64,0.6334000756847965
13.66,0.6334233217460492
13.68,0.633446386123546
13.7,0.6334692702718461
13.72,0.6334919756346237
13.74,0.6335145036446692
13.76,0.6335368557238886
13.78,0.6335590332833034
13.8,0.6335810377230504
13.82,0.6336028704323825
13.84,0.633624532789668
13.86,0.633646025925366
13.88,0.6336673476367447
13.9,0.633688502254381
13.92,0.6337094910369142
13.94,0.6337303152291138
13.96,0.6337509760618804
13.98,0.6337714747522445
14,0.6337918125033678
14.02,0.6338119905045421
14.04,0.63383200993119
14.06,0.6338518719448648
14.08,0.6338715776932499
14.1,0.6338911283101596
14.12,0.6339105249155389
14.14,0.6339297686154629
14.16,0.6339488605021377
14.18,0.6339678016538998
14.2,0.633986593135216
14.22,0.6340052359966842
14.24,0.6340237312750324
14.26,0.6340420864878794
14.28,0.6340602982023583
14.3,0.63407836686062
14.32,0.6340962935648716
14.34,0.6341140794074716
14.36,0.6341317254709296
14.38,0.6341492328279059
14.4,0.6341666025412126
14.42,0.634183835663813
14.44,0.6342009332388211
14.46,0.6342178962995023
14.48,0.6342347258692735
14.5,0.6342514229617024
14.52,0.634267988580508
14.54,0.6342844237195605
14.56,0.6343007293628813
14.58,0.6343169064846429
14.6,0.6343329560491691
14.62,0.6343488790109346
14.64,0.6343646789063002
14.66,0.6343803556153554
14.68,0.6343959092500697
14.7,0.6344113407826794
14.72,0.6344266511773847
14.74,0.6344418413903513
14.76,0.6344569123697097
14.78,0.6344718650555549
14.8,0.6344867003799471
14.82,0.6345014192669111
14.84,0.6345160226324368
14.86,0.6345305113844786
14.88,0.6345448864229561
14.9,0.6345591486397537
14.92,0.6345732989187204
14.94,0.6345873381356703
14.96,0.6346012671583822
14.98,0.6346150868465998
15,0.6346287980520317
15.02,0.6346424020919476
15.04,0.6346558998213524
15.06,0.6346692917481822
15.08,0.6346825787059466
15.1,0.6346957615205724
15.12,0.6347088410104035
15.14,0.6347218179862014
15.16,0.6347346932511447
15.18,0.6347474676008292
15.2,0.6347601418232682
15.22,0.6347727166988922
15.24,0.6347851930005489
15.26,0.6347975714935035
15.28,0.634809852935438
15.3,0.6348220380764524
15.32,0.6348341276590633
15.34,0.634846122418205
15.36,0.634858023081229
15.38,0.634869830367904
15.4,0.6348815453734299
15.42,0.6348931691329729
15.44,0.6349047018297045
15.46,0.6349161441692576
15.48,0.6349274968502095
15.5,0.6349387605640845
15.52,0.6349499359953519
15.54,0.6349610238214269
15.56,0.6349720247126702
15.58,0.6349829393323884
15.6,0.634993768336834
15.62,0.6350045123752044
15.64,0.6350151720896435
15.66,0.635025748115241
15.68,0.6350362410800314
15.7,0.6350466516049956
15.72,0.6350569803040602
15.74,0.635067227784097
15.76,0.6350773946449239
15.78,0.6350874819210014
15.8,0.635097491471535
15.82,0.6351074225592033
15.84,0.6351172757882341
15.86,0.6351270517568706
15.88,0.6351367510573728
15.9,0.6351463742760165
15.92,0.6351559219930937
15.94,0.6351653947829126
15.96,0.6351747932137974
15.98,0.6351841178480887
16,0.6351933692421426
16,0.6351933692421426
